date,commit,note,video,frames,x_realtime,total_s,detection_s,optical_flow_s,digit_reading_s,video_writing_s,other_s,found,missing,extra,detect_every,read_every,input_size,confidence,bib_detector,digit_reader,bib_pattern,cpu,power
2026-10-07,f600324,"Original pipeline: YOLOv4-tiny detector and SVHN YOLOv4 digit reader, longest reading wins the vote",sample1/video.mp4,523,0.25,68.5,10.5,24.7,20.7,0.0,12.6,11/13,3241 4460,1143,20,10,832,0.1,yolov4,yolov4,"\d{4,5}",AMD Ryzen 5 5500U with Radeon Graphics,
2026-10-07,f600324+changes,One optical-flow call for all tracks and corner search near each box; same results. Corner search now counted in optical_flow,sample1/video.mp4,523,0.63,27.7,6.2,6.9,12.3,0.0,2.3,11/13,3241 4460,1143,20,10,832,0.1,yolov4,yolov4,"\d{4,5}",AMD Ryzen 5 5500U with Radeon Graphics,
2026-10-07,f600324+changes,PP-OCR reader (no stretch) with the YOLOv4 detector,sample1/video.mp4,523,0.82,21.3,6.5,7.7,4.9,0.0,2.2,12/13,4460,,20,10,832,0.1,yolov4,ppocr,"\d{4,5}",AMD Ryzen 5 5500U with Radeon Graphics,
2026-10-07,f600324+changes,YOLO26n v025 detector through OpenVINO with the YOLOv4 digit reader,sample1/video.mp4,523,0.81,21.7,1.5,6.7,11.2,0.0,2.3,10/13,11116 3241 4460,,20,10,832,0.1,yolo26n-v025,yolov4,"\d{4,5}",AMD Ryzen 5 5500U with Radeon Graphics,
2026-10-07,f600324+changes,"YOLO26n and PP-OCR at 832, OCR margin 0.1, no stretch: repeated 1s merge (1116, 1461)",sample1/video.mp4,523,1.15,15.2,1.4,7.7,3.9,0.0,2.2,12/13,11116,1116 1461,20,10,832,0.1,yolo26n-v025,ppocr,"\d{4,5}",AMD Ryzen 5 5500U with Radeon Graphics,
2026-10-07,f600324+changes,Same at detector input 1024: fewer runners and slower,sample1/video.mp4,523,0.95,18.4,2.2,8.6,5.1,0.0,2.5,11/13,11116 6243,1116 1461 62431,20,10,1024,0.1,yolo26n-v025,ppocr,"\d{4,5}",AMD Ryzen 5 5500U with Radeon Graphics,
2026-10-07,f600324+changes,Same at detector input 1280: fewer runners and slower,sample1/video.mp4,523,0.95,18.3,3.5,7.9,4.6,0.0,2.3,10/13,11116 3241 6243,1116 1461 62431,20,10,1280,0.1,yolo26n-v025,ppocr,"\d{4,5}",AMD Ryzen 5 5500U with Radeon Graphics,
2026-10-07,f600324+changes,"Repeat of YOLO26n and PP-OCR at 832, OCR margin 0.1",sample1/video.mp4,523,1.16,15.0,1.3,7.6,4.0,0.0,2.1,12/13,11116,1116 1461,20,10,832,0.1,yolo26n-v025,ppocr,"\d{4,5}",AMD Ryzen 5 5500U with Radeon Graphics,
2026-10-07,f600324+changes,OCR crop margin 0.25: fewer runners,sample1/video.mp4,523,1.2,14.6,1.4,7.6,3.5,0.0,2.1,10/13,11116 3241 6243,1116 6249,20,10,832,0.1,yolo26n-v025,ppocr,"\d{4,5}",AMD Ryzen 5 5500U with Radeon Graphics,
2026-10-07,f600324+changes,OCR crop margin 0.5: much worse; a single 55500 read beat 9.86 votes for 6500,sample1/video.mp4,523,1.25,13.9,1.4,7.0,3.4,0.0,2.1,6/13,11116 11461 3241 4460 6240 6243 6500,1461 55500,20,10,832,0.1,yolo26n-v025,ppocr,"\d{4,5}",AMD Ryzen 5 5500U with Radeon Graphics,
2026-10-07,f600324+changes,YOLOv4 detector and PP-OCR with stretch 1.5,sample1/video.mp4,523,0.78,22.4,6.6,8.0,5.6,0.0,2.2,11/13,3246 4460,32461,20,10,832,0.1,yolov4,ppocr,"\d{4,5}",AMD Ryzen 5 5500U with Radeon Graphics,
2026-10-07,f600324+changes,YOLO26n and PP-OCR with stretch 1.5: first 13/13,sample1/video.mp4,523,0.74,23.7,2.0,9.7,9.2,0.0,2.8,13/13,,,20,10,832,0.1,yolo26n-v025,ppocr,"\d{4,5}",AMD Ryzen 5 5500U with Radeon Graphics,
2026-10-07,f600324+changes,YOLOv4 detector and PP-OCR with stretch 2.0,sample1/video.mp4,523,0.77,22.7,6.6,7.9,6.0,0.0,2.2,12/13,4460,,20,10,832,0.1,yolov4,ppocr,"\d{4,5}",AMD Ryzen 5 5500U with Radeon Graphics,
2026-10-07,f600324+changes,YOLO26n and PP-OCR with stretch 2.0: an invented 52461 wins the vote,sample1/video.mp4,523,1.08,16.2,1.4,8.2,4.3,0.0,2.3,11/13,3241 3246,52461,20,10,832,0.1,yolo26n-v025,ppocr,"\d{4,5}",AMD Ryzen 5 5500U with Radeon Graphics,
2026-10-07,f600324+changes,"Stretch repeat: YOLOv4 detector and PP-OCR, stretch 1.0",sample1/video.mp4,523,0.82,21.3,6.4,8.1,4.5,0.0,2.3,12/13,4460,,20,10,832,0.1,yolov4,ppocr,"\d{4,5}",AMD Ryzen 5 5500U with Radeon Graphics,
2026-10-07,f600324+changes,"Stretch repeat: YOLO26n and PP-OCR, stretch 1.0: repeated 1s merge",sample1/video.mp4,523,0.94,18.6,1.6,8.9,5.5,0.0,2.6,12/13,11116,1116 1461,20,10,832,0.1,yolo26n-v025,ppocr,"\d{4,5}",AMD Ryzen 5 5500U with Radeon Graphics,
2026-10-07,f600324+changes,"Stretch repeat: YOLOv4 detector and PP-OCR, stretch 1.5",sample1/video.mp4,523,0.7,25.1,7.4,8.9,6.0,0.0,2.8,11/13,3246 4460,32461,20,10,832,0.1,yolov4,ppocr,"\d{4,5}",AMD Ryzen 5 5500U with Radeon Graphics,
2026-10-07,f600324+changes,"Stretch repeat: YOLO26n and PP-OCR, stretch 1.5: 13/13, kept",sample1/video.mp4,523,1.07,16.3,1.5,8.2,4.3,0.0,2.3,13/13,,,20,10,832,0.1,yolo26n-v025,ppocr,"\d{4,5}",AMD Ryzen 5 5500U with Radeon Graphics,
2026-10-07,f600324+changes,"Stretch repeat: YOLOv4 detector and PP-OCR, stretch 2.0",sample1/video.mp4,523,0.78,22.4,6.7,7.9,5.5,0.0,2.3,12/13,4460,,20,10,832,0.1,yolov4,ppocr,"\d{4,5}",AMD Ryzen 5 5500U with Radeon Graphics,
2026-10-07,f600324+changes,"Stretch repeat: YOLO26n and PP-OCR, stretch 2.0: an invented 52461 wins the vote",sample1/video.mp4,523,1.11,15.7,1.4,8.0,4.1,0.0,2.2,11/13,3241 3246,52461,20,10,832,0.1,yolo26n-v025,ppocr,"\d{4,5}",AMD Ryzen 5 5500U with Radeon Graphics,
2026-10-07,f600324+changes,"New defaults: YOLO26n and PP-OCR with stretch 1.5, detect every 20, read every 10",sample1/video.mp4,523,1.13,15.4,1.4,7.7,3.9,0.0,2.4,13/13,,,20,10,832,0.1,yolo26n-v025,ppocr,"\d{4,5}",AMD Ryzen 5 5500U with Radeon Graphics,
2026-10-07,f600324+changes,"Detect every 10, read every 5: an invented 62431 wins under longest-first, and slower",sample1/video.mp4,523,0.76,23.1,2.6,8.8,9.1,0.0,2.6,12/13,6243,62431,10,5,832,0.1,yolo26n-v025,ppocr,"\d{4,5}",AMD Ryzen 5 5500U with Radeon Graphics,
2026-10-07,f600324+changes,"Detect every 5, read every 5: wrong numbers win under longest-first, and slower",sample1/video.mp4,523,0.69,25.2,4.5,8.6,9.9,0.0,2.2,12/13,6243,11451 62431,5,5,832,0.1,yolo26n-v025,ppocr,"\d{4,5}",AMD Ryzen 5 5500U with Radeon Graphics,
2026-10-07,f600324,Back-to-back pair 1: original code,sample1/video.mp4,523,0.41,42.2,6.6,17.8,12.6,0.0,5.2,11/13,3241 4460,1143,20,10,832,0.1,yolov4,yolov4,"\d{4,5}",AMD Ryzen 5 5500U with Radeon Graphics,battery
2026-10-07,f600324+changes,"Back-to-back pair 1: new code, committed as d4426b1",sample1/video.mp4,523,0.85,20.4,1.8,10.0,5.5,0.0,3.1,13/13,,,20,10,832,0.1,yolo26n-v025,ppocr,"\d{4,5}",AMD Ryzen 5 5500U with Radeon Graphics,battery
2026-10-07,f600324+changes,"Back-to-back pair 2: new code, committed as d4426b1",sample1/video.mp4,523,0.89,19.6,1.8,9.4,5.2,0.0,3.2,13/13,,,20,10,832,0.1,yolo26n-v025,ppocr,"\d{4,5}",AMD Ryzen 5 5500U with Radeon Graphics,battery
2026-10-07,f600324,Back-to-back pair 2: original code,sample1/video.mp4,523,0.35,49.7,7.7,19.7,16.0,0.0,6.3,11/13,3241 4460,1143,20,10,832,0.1,yolov4,yolov4,"\d{4,5}",AMD Ryzen 5 5500U with Radeon Graphics,battery
2026-10-07,d4426b1+changes,"Optical flow on full-size frames (FLOW_SCALE 1.0, as in d4426b1)",sample1/video.mp4,523,1.28,13.6,1.2,7.1,3.4,0.0,1.9,13/13,,,20,10,832,0.1,yolo26n-v025,ppocr,"\d{4,5}",AMD Ryzen 5 5500U with Radeon Graphics,AC
2026-10-07,d4426b1+changes,Optical flow on half-size frames (FLOW_SCALE 0.5),sample1/video.mp4,523,1.73,10.1,1.3,3.0,3.7,0.0,2.1,13/13,,,20,10,832,0.1,yolo26n-v025,ppocr,"\d{4,5}",AMD Ryzen 5 5500U with Radeon Graphics,AC
2026-10-07,d4426b1+changes,"Optical flow on full-size frames (FLOW_SCALE 1.0, as in d4426b1)",sample1/video.mp4,523,1.23,14.2,1.3,7.2,3.7,0.0,2.0,13/13,,,20,10,832,0.1,yolo26n-v025,ppocr,"\d{4,5}",AMD Ryzen 5 5500U with Radeon Graphics,AC
2026-10-07,d4426b1+changes,Optical flow on half-size frames (FLOW_SCALE 0.5),sample1/video.mp4,523,1.68,10.4,1.3,3.2,3.9,0.0,2.0,13/13,,,20,10,832,0.1,yolo26n-v025,ppocr,"\d{4,5}",AMD Ryzen 5 5500U with Radeon Graphics,AC
2026-10-07,d4426b1+changes,"Half-size flow and votes x5 per digit, committed as a7ce460; the machine had slowed down",sample1/video.mp4,523,1.06,16.4,2.0,4.3,6.8,0.0,3.3,13/13,,,20,10,832,0.1,yolo26n-v025,ppocr,"\d{4,5}",AMD Ryzen 5 5500U with Radeon Graphics,AC
2026-10-07,d4426b1+changes,Quarter-size flow (FLOW_SCALE 0.25): 13/13 but 14 tracks instead of 15; not adopted,sample1/video.mp4,523,1.35,12.9,1.6,2.9,5.8,0.0,2.6,13/13,,,20,10,832,0.1,yolo26n-v025,ppocr,"\d{4,5}",AMD Ryzen 5 5500U with Radeon Graphics,AC
2026-10-07T15:55:06,a7ce460+changes,First run recorded by the CLI: half-size flow and x5 votes (a7ce460),sample1/video.mp4,523,0.97,17.9,1.4,2.8,4.4,7.3,2.1,13/13,,,20,10,832,0.1,yolo26n-v025,ppocr,"\d{4,5}",AMD Ryzen 5 5500U with Radeon Graphics,AC
